decimalLongitude,decimalLatitude,individualCount,year
-63,-17,2.2222222222222223,2001
-60,-37,44.44444444444444,2001
-62,-30,6.666666666666667,2001
-63,-32,13.333333333333334,2001
-64,-36,33.33333333333333,2001
