decimalLongitude,decimalLatitude,individualCount,year
-63,-17,0.0,2001
-60,-37,45.45454545454545,2001
-62,-30,6.8181818181818175,2001
-63,-32,13.636363636363635,2001
-64,-36,34.090909090909086,2001
