year,Declination,Inclination,totalChange
2010,-17.07796,-32.93055,22681.3
2011,-17.22485,-33.23095,22652.8
2012,-17.37314,-33.53191,22625
2013,-17.52282,-33.83343,22598
2014,-17.67391,-34.13547,22571.7
2015,-17.82645,-34.43803,22546.1
2016,-17.96601,-34.77179,22528.7
2017,-18.10692,-35.10589,22512.2
2018,-18.24919,-35.44031,22496.5
2019,-18.39284,-35.77501,22481.7
2020,-18.53789,-36.10996,22467.8
